{
    "id": "InfiniteResourceNodes",
    "name": "Infinite Resource Nodes",
    "version_name": "0.0.4-fixed-infinite",
    "version_code": 4,
    "author": "Maz",
    "homepage": "",
    "description": "Resource nodes have 2^31 (more than two billion) resources.",
    "packages": {
        "Addon": {
            "name": "InfiniteResourceNodes",
            "entry": "main.lua",
            "dependencies": [
                "Main/Data"
            ],
            "type": "Addon"
        }
    }
}